Document,Annotateur,Layer,CUI,Type,Confiance,Relation,Source,Cible,Texte,Début,Fin
common_27449845.txt,AU90360,Medical,C0545406,anatomy,high,,,,Zirconia,21.0,29.0
common_27449845.txt,AU90360,Medical,C0545406,anatomy,high,,,,Abutments,30.0,39.0
common_27449845.txt,AU90360,Medical,C0545406,anatomy,high,,,,zirconia,124.0,132.0
common_27449845.txt,AU90360,Medical,C0545406,anatomy,high,,,,abutments,133.0,142.0
common_27449845.txt,AV45040,Medical,A1.4.1.1.1,pharmacologic_substance,high,,,,Zirconia,21.0,29.0
common_27449845.txt,AV45040,Medical,A1.2,anatomy,high,,,,single-tooth,165.0,177.0
common_27706165.txt,AU90360,Medical,C0026922,bacteria_virus,high,,,,Mycobacterium,109.0,122.0
common_27706165.txt,AU90360,Medical,C0026922,bacteria_virus,high,,,,leprae,123.0,129.0
common_27706165.txt,AU90360,Medical,C0023343,pathology,high,,,,leprosy,375.0,382.0
common_27706165.txt,AU90360,Medical,C5212643,anatomy,high,,,,rpoB,586.0,590.0
common_27706165.txt,AU90360,Medical,C3534385,anatomy,high,,,,folP1,592.0,597.0
common_27706165.txt,AU90360,Medical,C5212633,anatomy,high,,,,gyrA,599.0,603.0
common_27706165.txt,AU90360,Medical,C3656150,anatomy,high,,,,gyrB,609.0,613.0
common_27706165.txt,AU90360,Medical,C0035608,organical_chemical,high,,,,rifampicin,641.0,651.0
common_27706165.txt,AU90360,Medical,C0010980,organical_chemical,high,,,,dapsone,653.0,660.0
common_27706165.txt,AU90360,Medical,C0028902,organical_chemical,,,,,ofloxacin,665.0,674.0
common_27706165.txt,AU90360,Medical,C5212643,anatomy,high,,,,rpoB,753.0,757.0
common_27706165.txt,AU90360,Medical,C5212643,anatomy,high,,,,gene,758.0,762.0
common_27706165.txt,AU90360,Medical,C5212643,anatomy,high,,,,Ser456Leu,775.0,784.0
common_27706165.txt,AU90360,Medical,C3534385,anatomy,high,,,,folP1,814.0,819.0
common_27706165.txt,AU90360,Medical,C3534385,anatomy,high,,,,gene,820.0,824.0
common_27706165.txt,AU90360,Medical,C4311297,anatomy,high,,,,Pro55Leu,836.0,844.0
common_27706165.txt,AU90360,Medical,C5212643,anatomy,high,,,,rpoB,896.0,900.0
common_27706165.txt,AU90360,Medical,C3534385,anatomy,high,,,,folP1,922.0,927.0
common_27706165.txt,AU90360,Medical,C4311297,anatomy,high,,,,Pro55Leu,929.0,937.0
common_27706165.txt,AU90360,Medical,C3534385,anatomy,high,,,,folP1,1010.0,1015.0
common_27706165.txt,AU90360,Medical,C3534385,anatomy,low,,,,folP1,1184.0,1189.0
common_27706165.txt,AU90360,Medical,C3534385,anatomy,low,,,,Asp91His,1190.0,1198.0
common_27706165.txt,AU90360,Medical,C3552466,anatomy,low,,,,Arg94Trp,1200.0,1208.0
common_27706165.txt,AU90360,Medical,C5212633,anatomy,low,,,,gyrA,1228.0,1232.0
common_27706165.txt,AU90360,Medical,C5212633,anatomy,low,,,,Ala107Leu,1233.0,1242.0
common_27706165.txt,AU90360,Medical,C0035608,organical_chemical,high,,,,rifampicin,1814.0,1824.0
common_27706165.txt,AU90360,Medical,C0010980,organical_chemical,high,,,,dapsone,1852.0,1859.0
common_27706165.txt,AU90360,Medical,C0010980,organical_chemical,high,,,,monotherapy,1860.0,1871.0
common_27706165.txt,AV00440,Medical,C0023343,pathology,high,,,,Leprosy,0.0,7.0
common_27706165.txt,AV00440,Medical,C1562585,pathology,high,,,,multibacillary,167.0,181.0
common_27706165.txt,AV00440,Medical,C0035608,organical_chemical,high,,,,rifampicin,641.0,651.0
common_27706165.txt,AV00440,Medical,C0010980,organical_chemical,high,,,,dapsone,653.0,660.0
common_27706165.txt,AV00440,Medical,C0028902,organical_chemical,high,,,,ofloxacin,665.0,674.0
common_27706165.txt,AV00440,Medical,C0678941,anatomy,low,,,,Asp441Tyr,764.0,773.0
common_27706165.txt,AV00440,Medical,C0678941,anatomy,low,,,,Ser456Leu,775.0,784.0
common_27706165.txt,AV00440,Medical,C0596611,anatomy,low,,,,Ser458Met,786.0,795.0
common_27706165.txt,AV00440,Medical,C0596611,anatomy,low,,,,Thr53Ala,826.0,834.0
common_27706165.txt,AV00440,Medical,C0678941,anatomy,low,,,,Pro55Leu,836.0,844.0
common_27706165.txt,AV00440,Medical,C0678941,anatomy,low,,,,Ser456Met,902.0,911.0
common_27706165.txt,AV00440,Medical,C0678941,anatomy,low,,,,Thr88Pro,1030.0,1038.0
common_27706165.txt,AV00440,Medical,C0017337,anatomy,high,,,,gyrA,599.0,603.0
common_27706165.txt,AV00440,Medical,C0017337,anatomy,high,,,,gyrB,609.0,613.0
common_27706165.txt,AV00440,Medical,C0017337,anatomy,,,,,rpoB,586.0,590.0
common_27706165.txt,AV00440,Medical,C0017337,anatomy,high,,,,folP1,592.0,597.0
common_27706165.txt,AV00440,Medical,C0678941,anatomy,low,,,,Arg505Trp,1173.0,1182.0
common_27706165.txt,AV00440,Medical,C0678941,anatomy,low,,,,Asp91His,1190.0,1198.0
common_27706165.txt,AV00440,Medical,C0678941,anatomy,low,,,,Arg94Trp,1200.0,1208.0
common_27706165.txt,AV00440,Medical,C0678941,anatomy,low,,,,Thr88Pro,1214.0,1222.0
common_27706165.txt,AV00440,Medical,C0678941,anatomy,low,,,,Ala107Leu,1233.0,1242.0
common_27706165.txt,AV00440,Abbreviation,,abbreviation,,,,,M.,422.0,424.0
common_27706165.txt,AV00440,Abbreviation,,abbreviation,,,,,leprae,425.0,431.0
common_27706165.txt,AV00440,Abbreviation,,reference_object,,,,,Mycobacterium,109.0,122.0
common_27706165.txt,AV00440,Abbreviation,,reference_object,,,,,leprae,123.0,129.0
common_27706165.txt,AV00440,Abbreviation,,abbreviation,,,,,DNA,432.0,435.0
common_27706165.txt,AV45040,Medical,A1.4.1.1.1,pharmacologic_substance,high,,,,Leprosy,0.0,7.0
common_27706165.txt,AV45040,Medical,A1.4.1.1.1,pharmacologic_substance,high,,,,Drug,8.0,12.0
common_27706165.txt,AV45040,Medical,A1.1.2,bacteria_virus,high,,,,Mycobacterium,109.0,122.0
common_27706165.txt,AV45040,Medical,A1.1.2,bacteria_virus,high,,,,leprae,123.0,129.0
common_27706165.txt,AV45040,Medical,A1.4.1.2.1,organical_chemical,high,,,,DNA,432.0,435.0
common_27706165.txt,AV45040,Medical,A1.2,anatomy,high,,,,skin,446.0,450.0
common_27706165.txt,AV45040,Medical,A1.4.1.2.1,organical_chemical,,,,,rpoB,586.0,590.0
common_27706165.txt,AV45040,Medical,A1.4.1.2.1,organical_chemical,,,,,folP1,592.0,597.0
common_27706165.txt,AV45040,Medical,A1.4.1.2.1,organical_chemical,high,,,,gyrA,599.0,603.0
common_27706165.txt,AV45040,Medical,A1.4.1.2.1,organical_chemical,high,,,,gyrB,609.0,613.0
common_27706165.txt,AV45040,Medical,A1.4.1.2.1,organical_chemical,,,,,genes,619.0,624.0
common_27706165.txt,AV45040,Medical,A1.4.1.1.1,pharmacologic_substance,high,,,,rifampicin,641.0,651.0
common_27706165.txt,AV45040,Medical,A1.4.1.1.1,pharmacologic_substance,high,,,,dapsone,653.0,660.0
common_27706165.txt,AV45040,Medical,A1.4.1.1.1,pharmacologic_substance,high,,,,ofloxacin,665.0,674.0
common_27706165.txt,AV45040,Medical,A1.4.1.1.1,pharmacologic_substance,high,,,,dapsone,1537.0,1544.0
common_27706165.txt,AV45040,Abbreviation,,reference_object,,,,,drug,541.0,545.0
common_27706165.txt,AV45040,Abbreviation,,reference_object,,,,,resistance,546.0,556.0
common_27706165.txt,AV45040,Abbreviation,,reference_object,,,,,determining,557.0,568.0
common_27706165.txt,AV45040,Abbreviation,,reference_object,,,,,region,569.0,575.0
common_27706165.txt,AV45040,Abbreviation,,abbreviation,,,,,DRDR,577.0,581.0
common_27725796.txt,AU90360,Medical,C0001818,pathology,high,,,,agoraphobia,267.0,278.0
common_27725796.txt,AU90360,Medical,C0001818,pathology,high,,,,Agoraphobia,82.0,93.0
common_27725796.txt,AU90360,Medical,C0036341,pathology,high,,,,Schizophrenia,64.0,77.0
common_27725796.txt,AU90360,Medical,C0036341,pathology,high,,,,schizophrenic,240.0,253.0
common_27725796.txt,AV00440,Medical,C0003467,pathology,,,,,Anxiety,11.0,18.0
common_27725796.txt,AV00440,Medical,C0036341,pathology,high,,,,Schizophrenia,64.0,77.0
common_27725796.txt,AV00440,Medical,C0011253,pathology,high,,,,Delusions,20.0,29.0
common_27725796.txt,AV00440,Medical,C0001818,pathology,high,,,,Agoraphobia,82.0,93.0
common_27725796.txt,AV00440,Medical,C5940644,physiologic_function,high,,,,sense,129.0,134.0
common_27725796.txt,AV00440,Medical,C5940644,physiologic_function,high,,,,of,135.0,137.0
common_27725796.txt,AV00440,Medical,C5940644,physiologic_function,high,,,,agency,138.0,144.0
common_27725796.txt,AV00440,Medical,C0012634,pathology,high,,,,disorders,364.0,373.0
common_27725796.txt,AV45040,Medical,A2.2.2,symptom,high,,,,Anxiety,11.0,18.0
common_27725796.txt,AV45040,Medical,A2.2.2,symptom,high,,,,Delusions,20.0,29.0
common_27725796.txt,AV45040,Medical,B2.2.1.2,pathology,high,,,,Schizophrenia,64.0,77.0
common_27725796.txt,AV45040,Medical,B2.2.1.2,pathology,high,,,,Agoraphobia,82.0,93.0
common_27725796.txt,AV45040,Medical,A2.2.2,symptom,high,,,,symptoms,254.0,262.0
common_27725796.txt,AV45040,Medical,B2.2.1.2,pathology,high,,,,disorders,364.0,373.0
common_27882066.txt,AU90360,Medical,C0220847,bacteria_virus,high,,,,Hepatitis,99.0,108.0
common_27882066.txt,AU90360,Medical,C0220847,bacteria_virus,high,,,,C,109.0,110.0
common_27882066.txt,AU90360,Medical,C0220847,bacteria_virus,high,,,,Virus,111.0,116.0
common_27882066.txt,AU90360,Medical,C5197798,physiologic_function,high,,,,Codon,26.0,31.0
common_27882066.txt,AU90360,Medical,C5197798,physiologic_function,high,,,,Usage,32.0,37.0
common_27882066.txt,AU90360,Medical,C0220847,,,,,,HCV,274.0,277.0
common_27882066.txt,AU90360,Medical,C0002520,organical_chemical,high,,,,amino,309.0,314.0
common_27882066.txt,AU90360,Medical,C0002520,organical_chemical,high,,,,acid,315.0,319.0
common_27882066.txt,AU90360,Medical,C5197798,physiologic_function,high,,,,codon,320.0,325.0
common_27882066.txt,AU90360,Medical,C5197798,physiologic_function,high,,,,usage,326.0,331.0
common_27882066.txt,AU90360,Medical,C5197798,physiologic_function,high,,,,codon,422.0,427.0
common_27882066.txt,AU90360,Medical,C5197798,physiologic_function,high,,,,usage,428.0,433.0
common_27882066.txt,AU90360,Medical,C0220847,bacteria_virus,high,,,,HCV,462.0,465.0
common_27882066.txt,AU90360,Medical,C1148363,pathology,high,,,,HCV,639.0,642.0
common_27882066.txt,AU90360,Medical,C1148363,pathology,high,,,,genotypes,643.0,652.0
common_27882066.txt,AU90360,Medical,C0220847,bacteria_virus,high,,,,HCV,710.0,713.0
common_27882066.txt,AU90360,Medical,C5197798,physiologic_function,high,,,,codon,758.0,763.0
common_27882066.txt,AU90360,Medical,C5197798,physiologic_function,high,,,,usage,764.0,769.0
common_27882066.txt,AU90360,Medical,C5197798,physiologic_function,high,,,,properties,770.0,780.0
common_27882066.txt,AU90360,Medical,C5197798,physiologic_function,high,,,,codon,933.0,938.0
common_27882066.txt,AU90360,Medical,C5197798,physiologic_function,high,,,,usage,939.0,944.0
common_27882066.txt,AU90360,Medical,C5197798,physiologic_function,high,,,,codon,1011.0,1016.0
common_27882066.txt,AU90360,Medical,C5197798,physiologic_function,high,,,,usage,1017.0,1022.0
common_27882066.txt,AU90360,Medical,C0220847,bacteria_virus,high,,,,HCV,1153.0,1156.0
common_27882066.txt,AU90360,Medical,C1367452,anatomy,high,,,,guanine,1167.0,1174.0
common_27882066.txt,AU90360,Medical,C1367452,anatomy,high,,,,-,1175.0,1176.0
common_27882066.txt,AU90360,Medical,C1367452,anatomy,high,,,,cytosine,1177.0,1185.0
common_27882066.txt,AU90360,Medical,C1367452,anatomy,high,,,,GC,1163.0,1165.0
common_27882066.txt,AU90360,Medical,C1367452,anatomy,high,,,,GC,1237.0,1239.0
common_27882066.txt,AU90360,Medical,C5197798,physiologic_function,high,,,,codon,1596.0,1601.0
common_27882066.txt,AU90360,Medical,C5197798,physiologic_function,high,,,,usage,1602.0,1607.0
common_27882066.txt,AU90360,Abbreviation,,reference_object,,,,,hepatitis,122.0,131.0
common_27882066.txt,AU90360,Abbreviation,,reference_object,,,,,C,132.0,133.0
common_27882066.txt,AU90360,Abbreviation,,reference_object,,,,,virus,134.0,139.0
common_27882066.txt,AU90360,Abbreviation,,acronym,,,,,HCV,141.0,144.0
common_27882066.txt,AU90360,Abbreviation,,acronym,,,,,HCV,274.0,277.0
common_27882066.txt,AU90360,Abbreviation,,acronym,,,,,HCV,462.0,465.0
common_27882066.txt,AU90360,Abbreviation,,reference_object,,,,,guanine,1167.0,1174.0
common_27882066.txt,AU90360,Abbreviation,,reference_object,,,,,-,1175.0,1176.0
common_27882066.txt,AU90360,Abbreviation,,reference_object,,,,,cytosine,1177.0,1185.0
common_27882066.txt,AU90360,Abbreviation,,acronym,,,,,GC,1163.0,1165.0
common_27882066.txt,AV00440,Medical,C0220847,bacteria_virus,high,,,,hepatitis,122.0,131.0
common_27882066.txt,AV00440,Medical,C0220847,bacteria_virus,high,,,,C,132.0,133.0
common_27882066.txt,AV00440,Medical,C0220847,bacteria_virus,high,,,,virus,134.0,139.0
common_27882066.txt,AV00440,Medical,C0220847,physiologic_function,high,,,,Codon,26.0,31.0
common_27882066.txt,AV00440,Medical,C0220847,physiologic_function,high,,,,Usage,32.0,37.0
common_27882066.txt,AV00440,Medical,C0018321,organical_chemical,high,,,,guanine,1167.0,1174.0
common_27882066.txt,AV00440,Medical,C0010843,organical_chemical,high,,,,cytosine,1177.0,1185.0
common_27882066.txt,AV00440,Abbreviation,,reference_object,,,,,hepatitis,122.0,131.0
common_27882066.txt,AV00440,Abbreviation,,reference_object,,,,,C,132.0,133.0
common_27882066.txt,AV00440,Abbreviation,,reference_object,,,,,virus,134.0,139.0
common_27882066.txt,AV00440,Abbreviation,,abbreviation,,,,,HCV,141.0,144.0
common_27882066.txt,AV00440,Abbreviation,,abbreviation,,,,,GC,1163.0,1165.0
common_27882066.txt,AV00440,Abbreviation,,reference_object,,,,,guanine,1167.0,1174.0
common_27882066.txt,AV00440,Abbreviation,,reference_object,,,,,-,1175.0,1176.0
common_27882066.txt,AV00440,Abbreviation,,reference_object,,,,,cytosine,1177.0,1185.0
common_27882066.txt,AV45040,Medical,A1.2,anatomy,high,,,,Phylogenetic,42.0,54.0
common_27882066.txt,AV45040,Medical,A1.1.4,bacteria_virus,high,,,,Hepatitis,99.0,108.0
common_27882066.txt,AV45040,Medical,A1.1.4,bacteria_virus,high,,,,C,109.0,110.0
common_27882066.txt,AV45040,Medical,A1.1.4,bacteria_virus,high,,,,Virus,111.0,116.0
common_27882066.txt,AV45040,Medical,A1.2,anatomy,high,,,,genotypes,160.0,169.0
common_27882066.txt,AV45040,Medical,A1.4.1.2.1,organical_chemical,high,,,,amino,309.0,314.0
common_27882066.txt,AV45040,Medical,A1.4.1.2.1,organical_chemical,high,,,,acid,315.0,319.0
common_27882066.txt,AV45040,Medical,A1.1.4,bacteria_virus,high,,,,virus,356.0,361.0
common_27882066.txt,AV45040,Medical,A1.4.1.1.1,pharmacologic_substance,high,,,,treatment,399.0,408.0
common_27882066.txt,AV45040,Medical,A1.4.1.1.1,pharmacologic_substance,high,,,,regimes,409.0,416.0
common_27882066.txt,AV45040,Medical,A1.4.1.2.1,organical_chemical,high,,,,nucleotide,466.0,476.0
common_27882066.txt,AV45040,Medical,A1.4.1.2.1,organical_chemical,high,,,,Gene,559.0,563.0
common_27882066.txt,AV45040,Medical,A1.4.1.2.1,organical_chemical,high,,,,guanine,1167.0,1174.0
common_27882066.txt,AV45040,Medical,A1.4.1.2.1,organical_chemical,high,,,,cytosine,1177.0,1185.0
common_27882066.txt,AV45040,Medical,A1.4.1.2.1,organical_chemical,high,,,,proteins,1343.0,1351.0
common_27882066.txt,AV45040,Abbreviation,,reference_object,,,,,hepatitis,122.0,131.0
common_27882066.txt,AV45040,Abbreviation,,reference_object,,,,,C,132.0,133.0
common_27882066.txt,AV45040,Abbreviation,,reference_object,,,,,virus,134.0,139.0
common_27882066.txt,AV45040,Abbreviation,,abbreviation,,,,,HCV,141.0,144.0
common_27882066.txt,AV45040,Abbreviation,,reference_object,,,,,guanine,1167.0,1174.0
common_27882066.txt,AV45040,Abbreviation,,reference_object,,,,,-,1175.0,1176.0
common_27882066.txt,AV45040,Abbreviation,,reference_object,,,,,cytosine,1177.0,1185.0
common_27882066.txt,AV45040,Abbreviation,,abbreviation,,,,,GC,1163.0,1165.0
common_27935120.txt,AU90360,Medical,C1708287,pathology,high,,,,HR-HPV,224.0,230.0
common_27935120.txt,AU90360,Medical,C1708287,bacteria_virus,high,,,,high-risk,192.0,201.0
common_27935120.txt,AU90360,Medical,C1708287,bacteria_virus,high,,,,human,202.0,207.0
common_27935120.txt,AU90360,Medical,C1708287,bacteria_virus,high,,,,papillomavirus,208.0,222.0
common_27935120.txt,AU90360,Medical,C0021344,bacteria_virus,high,,,,HPV,314.0,317.0
common_27935120.txt,AU90360,Medical,C0021344,bacteria_virus,high,,,,genotyping,318.0,328.0
common_27935120.txt,AU90360,Medical,C0021344,bacteria_virus,high,,,,test,329.0,333.0
common_27935120.txt,AU90360,Medical,C0343641,pathology,high,,,,HPV,425.0,428.0
common_27935120.txt,AU90360,Medical,C0343641,pathology,high,,,,infection,429.0,438.0
common_27935120.txt,AU90360,Medical,C1708287,bacteria_virus,high,,,,HR-HPV,482.0,488.0
common_27935120.txt,AU90360,Medical,C1708287,bacteria_virus,high,,,,high-risk,14.0,23.0
common_27935120.txt,AU90360,Medical,C1708287,bacteria_virus,high,,,,human,24.0,29.0
common_27935120.txt,AU90360,Medical,C1708287,bacteria_virus,high,,,,papillomavirus,30.0,44.0
common_27935120.txt,AU90360,Medical,C1708287,bacteria_virus,high,,,,infection,45.0,54.0
common_27935120.txt,AU90360,Medical,C1708287,bacteria_virus,high,,,,HR-HPV,506.0,512.0
common_27935120.txt,AU90360,Medical,C0999806,bacteria_virus,high,,,,HPV-16,528.0,534.0
common_27935120.txt,AU90360,Medical,C3641018,bacteria_virus,high,,,,HPV-58,536.0,542.0
common_27935120.txt,AU90360,Medical,C3641016,bacteria_virus,high,,,,HPV-52,544.0,550.0
common_27935120.txt,AU90360,Medical,C0999807,bacteria_virus,high,,,,HPV-18,552.0,558.0
common_27935120.txt,AU90360,Medical,C2936597,bacteria_virus,high,,,,HPV-31,564.0,570.0
common_27935120.txt,AU90360,Medical,C1708287,bacteria_virus,high,,,,HR-HPV,590.0,596.0
common_27935120.txt,AU90360,Medical,C0999806,bacteria_virus,high,,,,HPV-16,725.0,731.0
common_27935120.txt,AU90360,Medical,C0999807,bacteria_virus,high,,,,HPV-18,733.0,739.0
common_27935120.txt,AU90360,Medical,C3641018,bacteria_virus,high,,,,HPV-58,741.0,747.0
common_27935120.txt,AU90360,Medical,C3641016,bacteria_virus,high,,,,HPV-52,749.0,755.0
common_27935120.txt,AU90360,Medical,C2936597,bacteria_virus,high,,,,HPV-31,761.0,767.0
common_27935120.txt,AU90360,Medical,C0999806,bacteria_virus,high,,,,HPV-16,769.0,775.0
common_27935120.txt,AU90360,Medical,C0999807,bacteria_virus,high,,,,HPV-18,780.0,786.0
common_27935120.txt,AU90360,Medical,C4048328,pathology,high,,,,cervical,813.0,821.0
common_27935120.txt,AU90360,Medical,C4048328,pathology,high,,,,cancer,822.0,828.0
common_27935120.txt,AU90360,Medical,C1708287,bacteria_virus,high,,,,HR-HPVs,864.0,871.0
common_27935120.txt,AU90360,Medical,C0235656,pathology,high,,,,cervical,898.0,906.0
common_27935120.txt,AU90360,Medical,C0235656,pathology,high,,,,lesions.,907.0,915.0
common_27935120.txt,AU90360,Medical,C0343641,pathology,high,,,,HPV,931.0,934.0
common_27935120.txt,AU90360,Medical,C0343641,pathology,high,,,,infection,935.0,944.0
common_27935120.txt,AU90360,Medical,C1708287,bacteria_virus,high,,,,HR-HPV,1042.0,1048.0
common_27935120.txt,AU90360,Medical,C1708287,bacteria_virus,high,,,,infection,1049.0,1058.0
common_27935120.txt,AU90360,Medical,C4048328,pathology,high,,,,cervical,1063.0,1071.0
common_27935120.txt,AU90360,Medical,C4048328,pathology,high,,,,cancer,1072.0,1078.0
common_27935120.txt,AU90360,Medical,C0999806,bacteria_virus,high,,,,HPV-16,1080.0,1086.0
common_27935120.txt,AU90360,Medical,C0999807,bacteria_virus,high,,,,HPV-18,1091.0,1097.0
common_27935120.txt,AU90360,Abbreviation,,acronym,,,,,HR-HPV,224.0,230.0
common_27935120.txt,AU90360,Abbreviation,,reference_object,,,,,high-risk,192.0,201.0
common_27935120.txt,AU90360,Abbreviation,,reference_object,,,,,human,202.0,207.0
common_27935120.txt,AU90360,Abbreviation,,reference_object,,,,,papillomavirus,208.0,222.0
common_27935120.txt,AV00440,Medical,C0030358,bacteria_virus,high,,,,papillomavirus,30.0,44.0
common_27935120.txt,AV00440,Medical,C0999806,bacteria_virus,high,,,,HPV-16,528.0,534.0
common_27935120.txt,AV00440,Medical,C3641018,bacteria_virus,high,,,,HPV-58,536.0,542.0
common_27935120.txt,AV00440,Medical,C3641016,bacteria_virus,high,,,,HPV-52,544.0,550.0
common_27935120.txt,AV00440,Medical,C0999807,bacteria_virus,high,,,,"HPV-18,",552.0,559.0
common_27935120.txt,AV00440,Medical,C2936597,bacteria_virus,high,,,,HPV-31,564.0,570.0
common_27935120.txt,AV00440,Medical,C1708287,bacteria_virus,high,,,,high-risk,192.0,201.0
common_27935120.txt,AV00440,Medical,C1708287,bacteria_virus,high,,,,human,202.0,207.0
common_27935120.txt,AV00440,Medical,C1708287,bacteria_virus,high,,,,papillomavirus,208.0,222.0
common_27935120.txt,AV00440,Medical,C4048328,pathology,high,,,,cervical,813.0,821.0
common_27935120.txt,AV00440,Medical,C4048328,pathology,high,,,,cancer,822.0,828.0
common_27935120.txt,AV00440,Abbreviation,,reference_object,,,,,high-risk,192.0,201.0
common_27935120.txt,AV00440,Abbreviation,,reference_object,,,,,human,202.0,207.0
common_27935120.txt,AV00440,Abbreviation,,reference_object,,,,,papillomavirus,208.0,222.0
common_27935120.txt,AV00440,Abbreviation,,abbreviation,,,,,HR-HPV,224.0,230.0
common_27935120.txt,AV45040,Medical,A1.1.4,bacteria_virus,high,,,,papillomavirus,30.0,44.0
common_27935120.txt,AV45040,Medical,B2.3,injury_or_poisoning,high,,,,infection,45.0,54.0
common_27935120.txt,AV45040,Medical,B2.2.1.2,pathology,high,,,,cervical,1063.0,1071.0
common_27935120.txt,AV45040,Medical,B2.2.1.2,pathology,high,,,,cancer,1072.0,1078.0
common_27935120.txt,AV45040,Medical,B2.3,injury_or_poisoning,high,,,,cervical,898.0,906.0
common_27935120.txt,AV45040,Medical,B2.3,injury_or_poisoning,high,,,,lesions,907.0,914.0
common_27935120.txt,AV45040,Medical,B2.2.1.2,pathology,high,,,,carcinogenic,697.0,709.0
common_27935120.txt,AV45040,Abbreviation,,reference_object,,,,,high-risk,192.0,201.0
common_27935120.txt,AV45040,Abbreviation,,reference_object,,,,,human,202.0,207.0
common_27935120.txt,AV45040,Abbreviation,,reference_object,,,,,papillomavirus,208.0,222.0
common_27935120.txt,AV45040,Abbreviation,,abbreviation,,,,,HR-HPV,224.0,230.0
common_28139665.txt,AU90360,Medical,C4689792,physiologic_function,low,,,,Vitamin,0.0,7.0
common_28139665.txt,AU90360,Medical,C4689792,physiologic_function,low,,,,D,8.0,9.0
common_28139665.txt,AU90360,Medical,C4689792,physiologic_function,low,,,,Receptor,10.0,18.0
common_28139665.txt,AU90360,Medical,C4689792,physiologic_function,low,,,,Activator,19.0,28.0
common_28139665.txt,AU90360,Medical,C4689792,physiologic_function,low,,,,Vitamin,141.0,148.0
common_28139665.txt,AU90360,Medical,C4689792,physiologic_function,low,,,,D,149.0,150.0
common_28139665.txt,AU90360,Medical,C4689792,physiologic_function,low,,,,receptor,151.0,159.0
common_28139665.txt,AU90360,Medical,C4689792,physiologic_function,low,,,,activators,160.0,170.0
common_28139665.txt,AU90360,Medical,C0007222,pathology,high,,,,cardiovascular,211.0,225.0
common_28139665.txt,AU90360,Medical,C0007222,pathology,high,,,,disease,226.0,233.0
common_28139665.txt,AU90360,Medical,C3714514,pathology,high,,,,infections,251.0,261.0
common_28139665.txt,AU90360,Medical,C4689792,physiologic_function,low,,,,VDRA,530.0,534.0
common_28139665.txt,AU90360,Medical,C4689792,physiologic_function,low,,,,VDRA,956.0,960.0
common_28139665.txt,AU90360,Medical,C3714514,pathology,high,,,,infection,1014.0,1023.0
common_28139665.txt,AU90360,Medical,C4689792,physiologic_function,low,,,,VDRA,1370.0,1374.0
common_28139665.txt,AU90360,Medical,C3714514,pathology,low,,,,infection,1378.0,1387.0
common_28139665.txt,AU90360,Medical,C0007222,pathology,,,,,cardiovascular,1416.0,1430.0
common_28139665.txt,AU90360,Medical,C0007222,pathology,,,,,disease,1431.0,1438.0
common_28139665.txt,AU90360,Abbreviation,,acronym,,,,,VDRA,172.0,176.0
common_28139665.txt,AU90360,Abbreviation,,reference_object,,,,,Vitamin,141.0,148.0
common_28139665.txt,AU90360,Abbreviation,,reference_object,,,,,D,149.0,150.0
common_28139665.txt,AU90360,Abbreviation,,reference_object,,,,,receptor,151.0,159.0
common_28139665.txt,AU90360,Abbreviation,,reference_object,,,,,activators,160.0,170.0
common_28139665.txt,AV00440,Medical,C0007222,pathology,high,,,,cardiovascular,211.0,225.0
common_28139665.txt,AV00440,Medical,C0007222,pathology,high,,,,disease,226.0,233.0
common_28139665.txt,AV00440,Medical,C0597257,physiologic_function,low,,,,pleiotropic,188.0,199.0
common_28139665.txt,AV00440,Medical,C0597257,physiologic_function,low,,,,effects,200.0,207.0
common_28139665.txt,AV00440,Medical,C3714514,pathology,high,,,,infections,251.0,261.0
common_28139665.txt,AV00440,Medical,C0006826,pathology,low,,,,malignancy,235.0,245.0
common_28139665.txt,AV00440,Abbreviation,,abbreviation,,,,,VDRA,172.0,176.0
common_28139665.txt,AV00440,Abbreviation,,reference_object,,,,,Vitamin,141.0,148.0
common_28139665.txt,AV00440,Abbreviation,,reference_object,,,,,D,149.0,150.0
common_28139665.txt,AV00440,Abbreviation,,reference_object,,,,,receptor,151.0,159.0
common_28139665.txt,AV00440,Abbreviation,,reference_object,,,,,activators,160.0,170.0
common_28139665.txt,AV45040,Medical,A1.4.1.2.1,organical_chemical,high,,,,Vitamin,0.0,7.0
common_28139665.txt,AV45040,Medical,A1.4.1.2.1,organical_chemical,high,,,,D,8.0,9.0
common_28139665.txt,AV45040,Medical,B2.2.1.2,pathology,high,,,,cardiovascular,211.0,225.0
common_28139665.txt,AV45040,Medical,B2.2.1.2,pathology,high,,,,disease,226.0,233.0
common_28139665.txt,AV45040,Medical,B2.2.1.2,pathology,high,,,,malignancy,235.0,245.0
common_28139665.txt,AV45040,Medical,B2.2.1.2,pathology,high,,,,infections,251.0,261.0
common_28139665.txt,AV45040,Medical,symptom,symptom,low,,,,dialysis,268.0,276.0
common_28139665.txt,AV45040,Medical,B2.2.1.1,physiologic_function,low,,,,cardiovascular,329.0,343.0
common_28139665.txt,AV45040,Medical,B2.3,injury_or_poisoning,low,,,,deaths,775.0,781.0
common_28139665.txt,AV45040,Medical,B2.2.1.2,pathology,high,,,,malignancy-related,843.0,861.0
common_28239424.txt,AU90360,Medical,C0678607,pathology,high,,,,hydrophobic,578.0,589.0
common_28239424.txt,AV00440,Medical,C1511539,physiologic_function,high,,,,Non-covalent,0.0,12.0
common_28239424.txt,AV00440,Medical,C1511539,physiologic_function,high,,,,interactions,13.0,25.0
common_28239424.txt,AV00440,Medical,C0033684,organical_chemical,high,,,,protein,193.0,200.0
common_28239424.txt,AV00440,Medical,C0162847,physiologic_function,high,,,,protein,221.0,228.0
common_28239424.txt,AV00440,Medical,C0162847,physiologic_function,high,,,,folding,229.0,236.0
common_28239424.txt,AV00440,Medical,C0678607,physiologic_function,high,,,,hydrophobic,578.0,589.0
common_28239424.txt,AV00440,Medical,C3488947,pharmacologic_substance,low,,,,cationic,712.0,720.0
common_28239424.txt,AV00440,Medical,C3488947,pharmacologic_substance,low,,,,ammonium,721.0,729.0
common_28239424.txt,AV00440,Medical,C4520800,physiologic_function,high,,,,hydration,800.0,809.0
common_28239424.txt,AV00440,Abbreviation,,reference_object,,,,,ultra-pH,523.0,531.0
common_28239424.txt,AV00440,Abbreviation,,reference_object,,,,,sensitive,532.0,541.0
common_28239424.txt,AV00440,Abbreviation,,abbreviation,,,,,UPS,543.0,546.0
common_28239424.txt,AV45040,Medical,A1.4.1.2.1,organical_chemical,low,,,,protein,193.0,200.0
common_28239424.txt,AV45040,Medical,A1.4.1.2.1,organical_chemical,high,,,,pH,1017.0,1019.0
common_28239424.txt,AV45040,Medical,A1.4.1.2.1,organical_chemical,,,,,pKa,643.0,646.0
common_28253085.txt,AU90360,Medical,C0010762,organical_chemical,high,,,,cytochrome,549.0,559.0
common_28253085.txt,AU90360,Medical,C0010762,organical_chemical,high,,,,P450,560.0,564.0
common_28253085.txt,AU90360,Medical,C1620185,organical_chemical,high,,,,CYP1A2,878.0,884.0
common_28253085.txt,AU90360,Medical,C3884187,organical_chemical,high,,,,CYP2A6,889.0,895.0
common_28253085.txt,AU90360,Abbreviation,,abbreviation,,,,,CYP450,566.0,572.0
common_28253085.txt,AU90360,Abbreviation,,reference_object,,,,,cytochrome,549.0,559.0
common_28253085.txt,AU90360,Abbreviation,,reference_object,,,,,P450,560.0,564.0
common_28253085.txt,AV00440,Medical,C1332826,anatomy,high,,,,CYP1A2,85.0,91.0
common_28253085.txt,AV00440,Medical,C1413868,anatomy,high,,,,CYP2A6,96.0,102.0
common_28253085.txt,AV00440,Medical,C0006644,pharmacologic_substance,high,,,,Caffeine,129.0,137.0
common_28253085.txt,AV00440,Medical,C0683140,physiologic_function,high,,,,drug,1812.0,1816.0
common_28253085.txt,AV00440,Medical,C0683140,physiologic_function,high,,,,metabolism,1817.0,1827.0
common_28253085.txt,AV00440,Abbreviation,,abbreviation,,,,,CYP450,566.0,572.0
common_28253085.txt,AV00440,Abbreviation,,reference_object,,,,,cytochrome,549.0,559.0
common_28253085.txt,AV00440,Abbreviation,,reference_object,,,,,P450,560.0,564.0
common_28253085.txt,AV45040,Medical,B2.3,injury_or_poisoning,low,,,,Tobacco,60.0,67.0
common_28253085.txt,AV45040,Medical,B2.3,injury_or_poisoning,low,,,,Smoke,68.0,73.0
common_28253085.txt,AV45040,Medical,B2.3,injury_or_poisoning,low,,,,Effects,74.0,81.0
common_28253085.txt,AV45040,Medical,A1.2,anatomy,high,,,,CYP1A2,85.0,91.0
common_28253085.txt,AV45040,Medical,A1.2,anatomy,high,,,,CYP2A6,96.0,102.0
common_28253085.txt,AV45040,Medical,B2.2.1.1,physiologic_function,low,,,,Urine,138.0,143.0
common_28253085.txt,AV45040,Medical,A2.2.2,symptom,low,,,,cigarette,184.0,193.0
common_28253085.txt,AV45040,Medical,A2.2.2,symptom,low,,,,smoking,194.0,201.0
common_28253085.txt,AV45040,Medical,B2.2.1.2,pathology,low,,,,diseases,250.0,258.0
common_28253085.txt,AV45040,Medical,A1.2,anatomy,high,,,,cytochrome,549.0,559.0
common_28253085.txt,AV45040,Medical,A1.2,anatomy,high,,,,P450,560.0,564.0
common_28253085.txt,AV45040,Medical,A1.2,anatomy,high,,,,(CYP450),565.0,573.0
common_28253085.txt,AV45040,Medical,A1.4.1.1.1,pharmacologic_substance,low,,,,drug,710.0,714.0
common_28253085.txt,AV45040,Medical,B2.2.1.1,physiologic_function,high,,,,metabolism.,715.0,726.0
common_28472931.txt,AU90360,Medical,C0085762,pathology,high,,,,alcohol,1885.0,1892.0
common_28472931.txt,AU90360,Medical,C0085762,pathology,high,,,,abuse,1893.0,1898.0
common_28472931.txt,AU90360,Medical,C0085281,pathology,high,,,,behavioral,1936.0,1946.0
common_28472931.txt,AU90360,Medical,C0085281,pathology,high,,,,addictions,1947.0,1957.0
common_28472931.txt,AV00440,Medical,C3714660,injury_or_poisoning,high,,,,trauma,35.0,41.0
common_28472931.txt,AV00440,Medical,C0085281,pathology,high,,,,addictive,55.0,64.0
common_28472931.txt,AV00440,Medical,C0085281,pathology,high,,,,behaviors,65.0,74.0
common_28472931.txt,AV00440,Medical,C0085762,pathology,high,,,,alcohol,1885.0,1892.0
common_28472931.txt,AV00440,Medical,C0085762,pathology,high,,,,abuse,1893.0,1898.0
common_28472931.txt,AV00440,Medical,C3714660,injury_or_poisoning,low,,,,interpersonal,2035.0,2048.0
common_28472931.txt,AV00440,Medical,C3714660,injury_or_poisoning,low,,,,trauma,2049.0,2055.0
common_28472931.txt,AV00440,Medical,C0085281,pathology,high,,,,addictive,2071.0,2080.0
common_28472931.txt,AV00440,Medical,C0085281,pathology,high,,,,behaviors,2081.0,2090.0
common_28472931.txt,AV45040,Medical,B2.3,injury_or_poisoning,high,,,,trauma,35.0,41.0
common_28472931.txt,AV45040,Medical,A2.2.2,symptom,high,,,,addictive,55.0,64.0
common_28472931.txt,AV45040,Medical,A2.2.2,symptom,high,,,,behaviors,65.0,74.0
common_28472931.txt,AV45040,Medical,A2.2.2,symptom,high,,,,addiction,750.0,759.0
common_28472931.txt,AV45040,Medical,A2.2.2,symptom,high,,,,problems,760.0,768.0
common_28472931.txt,AV45040,Medical,A1.4.1.1.1,pharmacologic_substance,high,,,,non-treatment,1538.0,1551.0
common_28490813.txt,AU90360,Medical,C2350467,anatomy,high,,,,invariant,371.0,380.0
common_28490813.txt,AU90360,Medical,C2350467,anatomy,high,,,,natural,381.0,388.0
common_28490813.txt,AU90360,Medical,C2350467,anatomy,high,,,,killer,389.0,395.0
common_28490813.txt,AU90360,Medical,C2350467,anatomy,high,,,,T,396.0,397.0
common_28490813.txt,AU90360,Medical,C2350467,anatomy,high,,,,iNKT,399.0,403.0
common_28490813.txt,AU90360,Medical,C1955907,organical_chemical,high,,,,adipokine,284.0,293.0
common_28490813.txt,AU90360,Medical,C1955907,organical_chemical,high,,,,leptin,294.0,300.0
common_28490813.txt,AU90360,Medical,C4013976,pathology,low,,,,serum,441.0,446.0
common_28490813.txt,AU90360,Medical,C4013976,pathology,low,,,,leptin,447.0,453.0
common_28490813.txt,AU90360,Medical,C4013976,pathology,low,,,,levels,454.0,460.0
common_28490813.txt,AU90360,Medical,C0385463,organical_chemical,high,,,,leptin,465.0,471.0
common_28490813.txt,AU90360,Medical,C0385463,organical_chemical,high,,,,receptor,472.0,480.0
common_28490813.txt,AU90360,Medical,C0299583,organical_chemical,high,,,,leptin,582.0,588.0
common_28490813.txt,AU90360,Medical,C4761910,anatomy,low,,,,IFN-γ,819.0,824.0
common_28490813.txt,AU90360,Medical,C2350467,anatomy,high,,,,iNKT,728.0,732.0
common_28490813.txt,AU90360,Medical,C2350467,anatomy,high,,,,iNKT,849.0,853.0
common_28490813.txt,AU90360,Medical,C2350467,anatomy,high,,,,cell,854.0,858.0
common_28490813.txt,AU90360,Abbreviation,,reference_object,,,,,invariant,371.0,380.0
common_28490813.txt,AU90360,Abbreviation,,reference_object,,,,,natural,381.0,388.0
common_28490813.txt,AU90360,Abbreviation,,reference_object,,,,,killer,389.0,395.0
common_28490813.txt,AU90360,Abbreviation,,reference_object,,,,,T,396.0,397.0
common_28490813.txt,AU90360,Abbreviation,,acronym,,,,,iNKT,399.0,403.0
common_28490813.txt,AU90360,Abbreviation,,acronym,,,,,LR,482.0,484.0
common_28490813.txt,AU90360,Abbreviation,,reference_object,,,,,leptin,465.0,471.0
common_28490813.txt,AU90360,Abbreviation,,reference_object,,,,,receptor,472.0,480.0
common_28490813.txt,AV00440,Medical,C0385463,organical_chemical,high,,,,Leptin,0.0,6.0
common_28490813.txt,AV00440,Medical,C0385463,organical_chemical,high,,,,receptor,7.0,15.0
common_28490813.txt,AV00440,Medical,C2350467,anatomy,high,,,,iNKT,30.0,34.0
common_28490813.txt,AV00440,Medical,C0026764,pathology,high,,,,multiple,218.0,226.0
common_28490813.txt,AV00440,Medical,C0026764,pathology,high,,,,myeloma,227.0,234.0
common_28490813.txt,AV00440,Medical,C0206131,anatomy,high,,,,adipocyte,159.0,168.0
common_28490813.txt,AV00440,Medical,C0299583,organical_chemical,high,,,,leptin,294.0,300.0
common_28490813.txt,AV00440,Medical,C0591833,organical_chemical,high,,,,murine,539.0,545.0
common_28490813.txt,AV00440,Medical,,,,,,,anti-tumor,618.0,628.0
common_28490813.txt,AV00440,Medical,,,,,,,functionality,629.0,642.0
common_28490813.txt,AV00440,Abbreviation,,reference_object,,,,,invariant,371.0,380.0
common_28490813.txt,AV00440,Abbreviation,,reference_object,,,,,natural,381.0,388.0
common_28490813.txt,AV00440,Abbreviation,,reference_object,,,,,killer,389.0,395.0
common_28490813.txt,AV00440,Abbreviation,,reference_object,,,,,T,396.0,397.0
common_28490813.txt,AV00440,Abbreviation,,abbreviation,,,,,iNKT,399.0,403.0
common_28490813.txt,AV00440,Abbreviation,,abbreviation,,,,,LR,482.0,484.0
common_28490813.txt,AV00440,Abbreviation,,reference_object,,,,,leptin,465.0,471.0
common_28490813.txt,AV00440,Abbreviation,,reference_object,,,,,receptor,472.0,480.0
common_28490813.txt,AV00440,Abbreviation,,reference_object,,,,,multiple,218.0,226.0
common_28490813.txt,AV00440,Abbreviation,,reference_object,,,,,myeloma,227.0,234.0
common_28490813.txt,AV00440,Abbreviation,,abbreviation,,,,,MM,236.0,238.0
common_28490813.txt,AV45040,Medical,A1.2,anatomy,high,,,,iNKT,30.0,34.0
common_28490813.txt,AV45040,Medical,A1.2,anatomy,high,,,,cell,35.0,39.0
common_28490813.txt,AV45040,Medical,B2.2.1.2,,,,,,myeloma,86.0,93.0
common_28490813.txt,AV45040,Medical,A1.2,anatomy,high,,,,Leptin,0.0,6.0
common_28490813.txt,AV45040,Medical,A1.2,anatomy,high,,,,receptor,7.0,15.0
common_28490813.txt,AV45040,Medical,A1.2,anatomy,high,,,,bone,109.0,113.0
common_28490813.txt,AV45040,Medical,A1.2,anatomy,high,,,,marrow,114.0,120.0
common_28490813.txt,AV45040,Medical,A1.2,anatomy,high,,,,adipocyte,159.0,168.0
common_28490813.txt,AV45040,Medical,A1.2,,,,,,adipokine,284.0,293.0
common_28490813.txt,AV45040,Medical,A1.2,,,,,,leptin,294.0,300.0
common_28490813.txt,AV45040,Medical,A1.4.1.1.1,pharmacologic_substance,high,,,,anti-,324.0,329.0
common_28490813.txt,AV45040,Medical,A1.4.1.1.1,pharmacologic_substance,high,,,,myeloma,330.0,337.0
common_28490813.txt,AV45040,Medical,B2.2.1.2,pathology,high,,,,tumor,338.0,343.0
common_28490813.txt,AV45040,Medical,B2.2.1.1,physiologic_function,high,,,,immunity,344.0,352.0
common_28490813.txt,AV45040,Medical,,,,,,,invariant,371.0,380.0
common_28490813.txt,AV45040,Medical,,,,,,,natural,381.0,388.0
common_28490813.txt,AV45040,Medical,,,,,,,killer,389.0,395.0
common_28490813.txt,AV45040,Medical,,,,,,,T,396.0,397.0
common_28490813.txt,AV45040,Medical,A1.2,anatomy,low,,,,cell,405.0,409.0
common_28490813.txt,AV45040,Medical,B2.2.1.1,physiologic_function,high,,,,leptin,447.0,453.0
common_28490813.txt,AV45040,Medical,B2.2.1.1,physiologic_function,low,,,,serum,441.0,446.0
common_28490813.txt,AV45040,Medical,B2.2.1.2,pathology,high,,,,Leukemia,1128.0,1136.0
common_28490813.txt,AV45040,Medical,A1.4.1.1.1,pharmacologic_substance,high,,,,therapeutic,1070.0,1081.0
common_28490813.txt,AV45040,Abbreviation,,reference_object,,,,,multiple,218.0,226.0
common_28490813.txt,AV45040,Abbreviation,,reference_object,,,,,myeloma,227.0,234.0
common_28490813.txt,AV45040,Abbreviation,,abbreviation,,,,,MM,236.0,238.0
common_28490813.txt,AV45040,Abbreviation,,abbreviation,,,,,iNKT,399.0,403.0
common_28490813.txt,AV45040,Abbreviation,,reference_object,,,,,invariant,371.0,380.0
common_28490813.txt,AV45040,Abbreviation,,reference_object,,,,,natural,381.0,388.0
common_28490813.txt,AV45040,Abbreviation,,reference_object,,,,,killer,389.0,395.0
common_28490813.txt,AV45040,Abbreviation,,reference_object,,,,,T,396.0,397.0
common_28490813.txt,AV45040,Abbreviation,,reference_object,,,,,leptin,465.0,471.0
common_28490813.txt,AV45040,Abbreviation,,reference_object,,,,,receptor,472.0,480.0
common_28490813.txt,AV45040,Abbreviation,,abbreviation,,,,,LR,482.0,484.0
common_27449845.txt,CURATION_USER,Medical,C0078814,organical_chemical,,,,,Zirconia,21.0,29.0
common_27449845.txt,CURATION_USER,Medical,C0545406,anatomy,,,,,Abutments,30.0,39.0
common_27449845.txt,CURATION_USER,Medical,C0078814,organical_chemical,,,,,zirconia,124.0,132.0
common_27449845.txt,CURATION_USER,Medical,C0545406,anatomy,,,,,abutments,133.0,142.0
common_27449845.txt,CURATION_USER,Medical,C0226993,anatomy,,,,,single-tooth,165.0,177.0
common_27449845.txt,CURATION_USER,Medical,C0226993,anatomy,,,,,crowns,178.0,184.0
common_27706165.txt,CURATION_USER,Medical,C0023343,pathology,,,,,Leprosy,0.0,7.0
common_27706165.txt,CURATION_USER,Medical,C1562585,pathology,,,,,multibacillary,167.0,181.0
common_27706165.txt,CURATION_USER,Medical,C0026922,bacteria_virus,,,,,Mycobacterium,109.0,122.0
common_27706165.txt,CURATION_USER,Medical,C0026922,bacteria_virus,,,,,leprae,123.0,129.0
common_27706165.txt,CURATION_USER,Medical,C0023343,pathology,,,,,leprosy,375.0,382.0
common_27706165.txt,CURATION_USER,Medical,C0028902,organical_chemical,,,,,ofloxacin,665.0,674.0
common_27706165.txt,CURATION_USER,Medical,C4034964,anatomy,,,,,gyrB,609.0,613.0
common_27706165.txt,CURATION_USER,Medical,C0035608,organical_chemical,,,,,rifampicin,641.0,651.0
common_27706165.txt,CURATION_USER,Medical,C0010980,organical_chemical,,,,,dapsone,653.0,660.0
common_27706165.txt,CURATION_USER,Medical,C0529552,organical_chemical,,,,,rpoB,586.0,590.0
common_27706165.txt,CURATION_USER,Medical,C0444101,anatomy,,,,,slit,441.0,445.0
common_27706165.txt,CURATION_USER,Medical,C0444101,anatomy,,,,,skin,446.0,450.0
common_27706165.txt,CURATION_USER,Medical,C0444101,anatomy,,,,,smear,451.0,456.0
common_27706165.txt,CURATION_USER,Medical,C0026882,physiologic_function,,,,,mutations,524.0,533.0
common_27706165.txt,CURATION_USER,Medical,C0017337,anatomy,,,,,genes,619.0,624.0
common_27706165.txt,CURATION_USER,Medical,C4311297,anatomy,,,,,Pro55Leu,836.0,844.0
common_27706165.txt,CURATION_USER,Medical,C4311297,anatomy,,,,,Pro55Leu,929.0,937.0
common_27706165.txt,CURATION_USER,Medical,C5231577,anatomy,,,,,Ser456Leu,775.0,784.0
common_27706165.txt,CURATION_USER,Medical,C0529552,organical_chemical,,,,,rpoB,896.0,900.0
common_27706165.txt,CURATION_USER,Medical,C3552466,anatomy,,,,,Arg94Trp,1200.0,1208.0
common_27706165.txt,CURATION_USER,Medical,C0026882,physiologic_function,,,,,mutations,1273.0,1282.0
common_27706165.txt,CURATION_USER,Medical,C0026882,physiologic_function,,,,,mutations,1454.0,1463.0
common_27706165.txt,CURATION_USER,Medical,C0010980,pharmacologic_substance,,,,,dapsone,1537.0,1544.0
common_27706165.txt,CURATION_USER,Medical,C0023343,pathology,,,,,leprosy,1757.0,1764.0
common_27706165.txt,CURATION_USER,Medical,C0026882,physiologic_function,,,,,mutations,1732.0,1741.0
common_27706165.txt,CURATION_USER,Medical,C0026882,physiologic_function,,,,,mutations,1800.0,1809.0
common_27706165.txt,CURATION_USER,Medical,C0035608,organical_chemical,,,,,rifampicin,1814.0,1824.0
common_27706165.txt,CURATION_USER,Medical,C0026922,bacteria_virus,,,,,M.,422.0,424.0
common_27706165.txt,CURATION_USER,Medical,C0026922,bacteria_virus,,,,,leprae,425.0,431.0
common_27706165.txt,CURATION_USER,Medical,C0012854,organical_chemical,,,,,DNA,432.0,435.0
common_27706165.txt,CURATION_USER,Medical,C0586537,,,,,,skin,464.0,468.0
common_27706165.txt,CURATION_USER,Medical,C0586537,,,,,,biopsy,469.0,475.0
common_27706165.txt,CURATION_USER,Medical,C0586537,,,,,,samples,476.0,483.0
common_27706165.txt,CURATION_USER,Medical,C0013227,pharmacologic_substance,,,,,Drug,8.0,12.0
common_27706165.txt,CURATION_USER,Medical,C0013227,pharmacologic_substance,,,,,drug,130.0,134.0
common_27706165.txt,CURATION_USER,Medical,C0013227,pharmacologic_substance,,,,,drug,343.0,347.0
common_27706165.txt,CURATION_USER,Medical,C0013227,pharmacologic_substance,,,,,drug,541.0,545.0
common_27706165.txt,CURATION_USER,Medical,C0026882,physiologic_function,,,,,mutations,731.0,740.0
common_27706165.txt,CURATION_USER,Medical,C0529552,organical_chemical,,,,,rpoB,753.0,757.0
common_27706165.txt,CURATION_USER,Medical,C0017337,anatomy,,,,,gene,758.0,762.0
common_27706165.txt,CURATION_USER,Medical,C0017337,anatomy,,,,,gene,820.0,824.0
common_27706165.txt,CURATION_USER,Medical,C0026882,physiologic_function,,,,,mutations,873.0,882.0
common_27706165.txt,CURATION_USER,Medical,C0026882,physiologic_function,,,,,mutation,998.0,1006.0
common_27706165.txt,CURATION_USER,Medical,C0678941,physiologic_function,,,,,mutations,1059.0,1068.0
common_27706165.txt,CURATION_USER,Medical,C0529552,organical_chemical,,,,,rpoB,1168.0,1172.0
common_27706165.txt,CURATION_USER,Medical,C0026922,bacteria_virus,,,,,M.,1263.0,1265.0
common_27706165.txt,CURATION_USER,Medical,C0026922,bacteria_virus,,,,,leprae,1266.0,1272.0
common_27706165.txt,CURATION_USER,Medical,C0013227,pharmacologic_substance,,,,,drug,1299.0,1303.0
common_27706165.txt,CURATION_USER,Medical,C0026922,bacteria_virus,,,,,M.,1630.0,1632.0
common_27706165.txt,CURATION_USER,Medical,C0026922,bacteria_virus,,,,,leprae,1633.0,1639.0
common_27706165.txt,CURATION_USER,Medical,C0010980,pharmacologic_substance,,,,,dapsone,1852.0,1859.0
common_27706165.txt,CURATION_USER,Abbreviation,,abbreviation,,,,,M.,422.0,424.0
common_27706165.txt,CURATION_USER,Abbreviation,,abbreviation,,,,,leprae,425.0,431.0
common_27706165.txt,CURATION_USER,Abbreviation,,abbreviation,,,,,DNA,432.0,435.0
common_27706165.txt,CURATION_USER,Abbreviation,,abbreviation,,,,,DRDR,577.0,581.0
common_27706165.txt,CURATION_USER,Abbreviation,,reference_object,,,,,drug,541.0,545.0
common_27706165.txt,CURATION_USER,Abbreviation,,reference_object,,,,,resistance,546.0,556.0
common_27706165.txt,CURATION_USER,Abbreviation,,reference_object,,,,,determining,557.0,568.0
common_27706165.txt,CURATION_USER,Abbreviation,,reference_object,,,,,region,569.0,575.0
common_27706165.txt,CURATION_USER,Abbreviation,,abbreviation,,,,,DRDR,1080.0,1084.0
common_27706165.txt,CURATION_USER,Abbreviation,,abbreviation,,,,,M.,1263.0,1265.0
common_27706165.txt,CURATION_USER,Abbreviation,,abbreviation,,,,,leprae,1266.0,1272.0
common_27706165.txt,CURATION_USER,Abbreviation,,abbreviation,,,,,M.,1630.0,1632.0
common_27706165.txt,CURATION_USER,Abbreviation,,abbreviation,,,,,leprae,1633.0,1639.0
common_27706165.txt,CURATION_USER,Abbreviation,,abbreviation,,,,,DRDR,1795.0,1799.0
common_27706165.txt,CURATION_USER,Abbreviation,,abbreviation,,,,,DRDR,748.0,752.0
common_27706165.txt,CURATION_USER,Abbreviation,,abbreviation,,,,,DRDR,809.0,813.0
common_27706165.txt,CURATION_USER,Abbreviation,,abbreviation,,,,,DRDR,891.0,895.0
common_27706165.txt,CURATION_USER,Abbreviation,,abbreviation,,,,,DRDR,917.0,921.0
common_27725796.txt,CURATION_USER,Medical,C0003467,pathology,,,,,Anxiety,11.0,18.0
common_27725796.txt,CURATION_USER,Medical,C0233685,pathology,,,,,Delusions,20.0,29.0
common_27725796.txt,CURATION_USER,Medical,C0233685,pathology,,,,,of,30.0,32.0
common_27725796.txt,CURATION_USER,Medical,C0233685,pathology,,,,,Control,33.0,40.0
common_27725796.txt,CURATION_USER,Medical,C0036341,pathology,,,,,Schizophrenia,64.0,77.0
common_27725796.txt,CURATION_USER,Medical,C0001818,pathology,,,,,Agoraphobia,82.0,93.0
common_27725796.txt,CURATION_USER,Medical,C5940644,physiologic_function,,,,,sense,129.0,134.0
common_27725796.txt,CURATION_USER,Medical,C5940644,physiologic_function,,,,,of,135.0,137.0
common_27725796.txt,CURATION_USER,Medical,C5940644,physiologic_function,,,,,agency,138.0,144.0
common_27725796.txt,CURATION_USER,Medical,C0001818,pathology,,,,,agoraphobia,267.0,278.0
common_27725796.txt,CURATION_USER,Medical,C0012634,pathology,,,,,disorders,364.0,373.0
common_27725796.txt,CURATION_USER,Medical,C2678249,symptom,,,,,schizophrenic,240.0,253.0
common_27725796.txt,CURATION_USER,Medical,C2678249,symptom,,,,,symptoms,254.0,262.0
common_27882066.txt,CURATION_USER,Medical,C5197798,physiologic_function,,,,,Codon,26.0,31.0
common_27882066.txt,CURATION_USER,Medical,C5197798,physiologic_function,,,,,Usage,32.0,37.0
common_27882066.txt,CURATION_USER,Medical,C0220847,bacteria_virus,,,,,Hepatitis,99.0,108.0
common_27882066.txt,CURATION_USER,Medical,C0220847,bacteria_virus,,,,,C,109.0,110.0
common_27882066.txt,CURATION_USER,Medical,C0220847,bacteria_virus,,,,,Virus,111.0,116.0
common_27882066.txt,CURATION_USER,Medical,C0220847,bacteria_virus,,,,,hepatitis,122.0,131.0
common_27882066.txt,CURATION_USER,Medical,C0220847,bacteria_virus,,,,,C,132.0,133.0
common_27882066.txt,CURATION_USER,Medical,C0220847,bacteria_virus,,,,,virus,134.0,139.0
common_27882066.txt,CURATION_USER,Medical,C0002520,organical_chemical,,,,,amino,309.0,314.0
common_27882066.txt,CURATION_USER,Medical,C0002520,organical_chemical,,,,,acid,315.0,319.0
common_27882066.txt,CURATION_USER,Medical,C5197798,physiologic_function,,,,,codon,320.0,325.0
common_27882066.txt,CURATION_USER,Medical,C5197798,physiologic_function,,,,,usage,326.0,331.0
common_27882066.txt,CURATION_USER,Medical,C0042776,bacteria_virus,,,,,virus,356.0,361.0
common_27882066.txt,CURATION_USER,Medical,C5197798,physiologic_function,high,,,,codon,422.0,427.0
common_27882066.txt,CURATION_USER,Medical,C5197798,physiologic_function,high,,,,usage,428.0,433.0
common_27882066.txt,CURATION_USER,Medical,C0220847,bacteria_virus,high,,,,HCV,462.0,465.0
common_27882066.txt,CURATION_USER,Medical,C1148363,pathology,,,,,HCV,639.0,642.0
common_27882066.txt,CURATION_USER,Medical,C1148363,pathology,,,,,genotypes,643.0,652.0
common_27882066.txt,CURATION_USER,Medical,C0220847,bacteria_virus,,,,,HCV,710.0,713.0
common_27882066.txt,CURATION_USER,Medical,C5197798,physiologic_function,,,,,codon,933.0,938.0
common_27882066.txt,CURATION_USER,Medical,C5197798,physiologic_function,,,,,usage,939.0,944.0
common_27882066.txt,CURATION_USER,Medical,C5197798,physiologic_function,,,,,codon,1011.0,1016.0
common_27882066.txt,CURATION_USER,Medical,C5197798,physiologic_function,,,,,usage,1017.0,1022.0
common_27882066.txt,CURATION_USER,Medical,C1367452,anatomy,,,,,GC,1163.0,1165.0
common_27882066.txt,CURATION_USER,Medical,C1367452,anatomy,,,,,guanine,1167.0,1174.0
common_27882066.txt,CURATION_USER,Medical,C1367452,anatomy,,,,,-,1175.0,1176.0
common_27882066.txt,CURATION_USER,Medical,C1367452,anatomy,,,,,cytosine,1177.0,1185.0
common_27882066.txt,CURATION_USER,Medical,C0220847,bacteria_virus,,,,,HCV,1153.0,1156.0
common_27882066.txt,CURATION_USER,Medical,C1367452,anatomy,,,,,GC,1237.0,1239.0
common_27882066.txt,CURATION_USER,Medical,C0033684,organical_chemical,,,,,proteins,1343.0,1351.0
common_27882066.txt,CURATION_USER,Medical,C5197798,physiologic_function,,,,,codon,1596.0,1601.0
common_27882066.txt,CURATION_USER,Medical,C5197798,physiologic_function,,,,,usage,1602.0,1607.0
common_27882066.txt,CURATION_USER,Medical,C5197798,physiologic_function,,,,,codon,758.0,763.0
common_27882066.txt,CURATION_USER,Medical,C5197798,physiologic_function,,,,,usage,764.0,769.0
common_27882066.txt,CURATION_USER,Medical,C0017428,anatomy,,,,,genome,1196.0,1202.0
common_27882066.txt,CURATION_USER,Medical,C0017262,physiologic_function,,,,,gene,1408.0,1412.0
common_27882066.txt,CURATION_USER,Medical,C0017262,physiologic_function,,,,,expression,1413.0,1423.0
common_27882066.txt,CURATION_USER,Abbreviation,,acronym,,,,,HCV,141.0,144.0
common_27882066.txt,CURATION_USER,Abbreviation,,reference_object,,,,,hepatitis,122.0,131.0
common_27882066.txt,CURATION_USER,Abbreviation,,reference_object,,,,,C,132.0,133.0
common_27882066.txt,CURATION_USER,Abbreviation,,reference_object,,,,,virus,134.0,139.0
common_27882066.txt,CURATION_USER,Abbreviation,,acronym,,,,,HCV,274.0,277.0
common_27882066.txt,CURATION_USER,Abbreviation,,abbreviation,,,,,HCV,462.0,465.0
common_27882066.txt,CURATION_USER,Abbreviation,,abbreviation,,,,,HCV,639.0,642.0
common_27882066.txt,CURATION_USER,Abbreviation,,acronym,,,,,GC,1163.0,1165.0
common_27882066.txt,CURATION_USER,Abbreviation,,reference_object,,,,,guanine,1167.0,1174.0
common_27882066.txt,CURATION_USER,Abbreviation,,reference_object,,,,,-,1175.0,1176.0
common_27882066.txt,CURATION_USER,Abbreviation,,reference_object,,,,,cytosine,1177.0,1185.0
common_27882066.txt,CURATION_USER,Abbreviation,,acronym,,,,,HCV,710.0,713.0
common_27882066.txt,CURATION_USER,Abbreviation,,acronym,,,,,HCV,1153.0,1156.0
common_27935120.txt,CURATION_USER,Medical,C1708287,bacteria_virus,,,,,high-risk,14.0,23.0
common_27935120.txt,CURATION_USER,Medical,C1708287,bacteria_virus,,,,,human,24.0,29.0
common_27935120.txt,CURATION_USER,Medical,C1708287,bacteria_virus,,,,,papillomavirus,30.0,44.0
common_27935120.txt,CURATION_USER,Medical,C1708287,bacteria_virus,,,,,infection,45.0,54.0
common_27935120.txt,CURATION_USER,Medical,C1708287,bacteria_virus,,,,,high-risk,192.0,201.0
common_27935120.txt,CURATION_USER,Medical,C1708287,bacteria_virus,,,,,human,202.0,207.0
common_27935120.txt,CURATION_USER,Medical,C1708287,bacteria_virus,,,,,papillomavirus,208.0,222.0
common_27935120.txt,CURATION_USER,Medical,C1708287,pathology,,,,,HR-HPV,224.0,230.0
common_27935120.txt,CURATION_USER,Medical,C0021344,bacteria_virus,,,,,HPV,314.0,317.0
common_27935120.txt,CURATION_USER,Medical,C0007874,anatomy,,,,,cervix,358.0,364.0
common_27935120.txt,CURATION_USER,Medical,C0343641,pathology,,,,,HPV,425.0,428.0
common_27935120.txt,CURATION_USER,Medical,C0343641,pathology,,,,,infection,429.0,438.0
common_27935120.txt,CURATION_USER,Medical,C1708287,bacteria_virus,,,,,HR-HPV,482.0,488.0
common_27935120.txt,CURATION_USER,Medical,C1708287,bacteria_virus,,,,,HR-HPV,506.0,512.0
common_27935120.txt,CURATION_USER,Medical,C0999807,bacteria_virus,,,,,HPV-18,552.0,558.0
common_27935120.txt,CURATION_USER,Medical,C3641016,bacteria_virus,,,,,HPV-52,544.0,550.0
common_27935120.txt,CURATION_USER,Medical,C2936597,bacteria_virus,,,,,HPV-31,564.0,570.0
common_27935120.txt,CURATION_USER,Medical,C0999806,bacteria_virus,,,,,HPV-16,528.0,534.0
common_27935120.txt,CURATION_USER,Medical,C3641018,bacteria_virus,,,,,HPV-58,536.0,542.0
common_27935120.txt,CURATION_USER,Medical,C1708287,bacteria_virus,,,,,HR-HPV,590.0,596.0
common_27935120.txt,CURATION_USER,Medical,C0999806,bacteria_virus,,,,,HPV-16,725.0,731.0
common_27935120.txt,CURATION_USER,Medical,C2936597,bacteria_virus,,,,,HPV-31,761.0,767.0
common_27935120.txt,CURATION_USER,Medical,C0999807,bacteria_virus,,,,,HPV-18,733.0,739.0
common_27935120.txt,CURATION_USER,Medical,C3641018,bacteria_virus,,,,,HPV-58,741.0,747.0
common_27935120.txt,CURATION_USER,Medical,C3641016,bacteria_virus,,,,,HPV-52,749.0,755.0
common_27935120.txt,CURATION_USER,Medical,C0999806,bacteria_virus,,,,,HPV-16,769.0,775.0
common_27935120.txt,CURATION_USER,Medical,C0999807,bacteria_virus,,,,,HPV-18,780.0,786.0
common_27935120.txt,CURATION_USER,Medical,C4048328,pathology,,,,,cervical,813.0,821.0
common_27935120.txt,CURATION_USER,Medical,C4048328,pathology,,,,,cancer,822.0,828.0
common_27935120.txt,CURATION_USER,Medical,C1708287,bacteria_virus,,,,,HR-HPVs,864.0,871.0
common_27935120.txt,CURATION_USER,Medical,C0235656,pathology,,,,,cervical,898.0,906.0
common_27935120.txt,CURATION_USER,Medical,C0235656,pathology,,,,,lesions.,907.0,915.0
common_27935120.txt,CURATION_USER,Medical,C0343641,pathology,,,,,HPV,931.0,934.0
common_27935120.txt,CURATION_USER,Medical,C0343641,pathology,,,,,infection,935.0,944.0
common_27935120.txt,CURATION_USER,Medical,C1708287,bacteria_virus,,,,,HR-HPV,1042.0,1048.0
common_27935120.txt,CURATION_USER,Medical,C1708287,bacteria_virus,,,,,infection,1049.0,1058.0
common_27935120.txt,CURATION_USER,Medical,C4048328,pathology,,,,,cervical,1063.0,1071.0
common_27935120.txt,CURATION_USER,Medical,C4048328,pathology,,,,,cancer,1072.0,1078.0
common_27935120.txt,CURATION_USER,Medical,C0999806,bacteria_virus,,,,,HPV-16,1080.0,1086.0
common_27935120.txt,CURATION_USER,Medical,C0999807,bacteria_virus,,,,,HPV-18,1091.0,1097.0
common_27935120.txt,CURATION_USER,Medical,C3714514,pathology,,,,,infection,232.0,241.0
common_27935120.txt,CURATION_USER,Medical,C3714514,pathology,,,,,infection,840.0,849.0
common_27935120.txt,CURATION_USER,Abbreviation,,reference_object,,,,,high-risk,192.0,201.0
common_27935120.txt,CURATION_USER,Abbreviation,,reference_object,,,,,human,202.0,207.0
common_27935120.txt,CURATION_USER,Abbreviation,,reference_object,,,,,papillomavirus,208.0,222.0
common_27935120.txt,CURATION_USER,Abbreviation,,acronym,,,,,HR-HPV,224.0,230.0
common_27935120.txt,CURATION_USER,Abbreviation,,abbreviation,,,,,HPV,314.0,317.0
common_28139665.txt,CURATION_USER,Medical,C0108082,organical_chemical,,,,,Vitamin,0.0,7.0
common_28139665.txt,CURATION_USER,Medical,C0108082,organical_chemical,,,,,D,8.0,9.0
common_28139665.txt,CURATION_USER,Medical,C0108082,organical_chemical,,,,,Receptor,10.0,18.0
common_28139665.txt,CURATION_USER,Medical,C0007222,pathology,,,,,cardiovascular,211.0,225.0
common_28139665.txt,CURATION_USER,Medical,C0007222,pathology,,,,,disease,226.0,233.0
common_28139665.txt,CURATION_USER,Medical,C0006826,pathology,,,,,malignancy,235.0,245.0
common_28139665.txt,CURATION_USER,Medical,C3714514,pathology,,,,,infections,251.0,261.0
common_28139665.txt,CURATION_USER,Medical,C3714514,pathology,,,,,infection-related,798.0,815.0
common_28139665.txt,CURATION_USER,Medical,C0006826,pathology,,,,,malignancy-related,843.0,861.0
common_28139665.txt,CURATION_USER,Medical,C3714514,pathology,,,,,infection,1014.0,1023.0
common_28139665.txt,CURATION_USER,Medical,C0006826,pathology,,,,,malignancy,1030.0,1040.0
common_28139665.txt,CURATION_USER,Medical,C3714514,pathology,,,,,infection,1378.0,1387.0
common_28139665.txt,CURATION_USER,Medical,C0006826,pathology,,,,,malignancy,1392.0,1402.0
common_28139665.txt,CURATION_USER,Medical,C0007222,,,,,,cardiovascular,1416.0,1430.0
common_28139665.txt,CURATION_USER,Medical,C0007222,,,,,,disease,1431.0,1438.0
common_28139665.txt,CURATION_USER,Medical,C0108082,organical_chemical,,,,,Vitamin,141.0,148.0
common_28139665.txt,CURATION_USER,Medical,C0108082,organical_chemical,,,,,D,149.0,150.0
common_28139665.txt,CURATION_USER,Medical,C0108082,organical_chemical,,,,,receptor,151.0,159.0
common_28139665.txt,CURATION_USER,Abbreviation,,abbreviation,,,,,VDRA,172.0,176.0
common_28139665.txt,CURATION_USER,Abbreviation,,abbreviation,,,,,VDRA,530.0,534.0
common_28139665.txt,CURATION_USER,Abbreviation,,abbreviation,,,,,VDRA,956.0,960.0
common_28139665.txt,CURATION_USER,Abbreviation,,abbreviation,,,,,VDRA,1370.0,1374.0
common_28139665.txt,CURATION_USER,Abbreviation,,reference_object,,,,,Vitamin,141.0,148.0
common_28139665.txt,CURATION_USER,Abbreviation,,reference_object,,,,,D,149.0,150.0
common_28139665.txt,CURATION_USER,Abbreviation,,reference_object,,,,,receptor,151.0,159.0
common_28139665.txt,CURATION_USER,Abbreviation,,reference_object,,,,,activators,160.0,170.0
common_28239424.txt,CURATION_USER,Medical,C0033684,organical_chemical,,,,,protein,193.0,200.0
common_28239424.txt,CURATION_USER,Medical,C0596383,organical_chemical,,,,,copolymers,554.0,564.0
common_28239424.txt,CURATION_USER,Medical,C0678607,physiologic_function,,,,,hydrophobic,578.0,589.0
common_28239424.txt,CURATION_USER,Medical,C3488947,pharmacologic_substance,,,,,cationic,712.0,720.0
common_28239424.txt,CURATION_USER,Medical,C3488947,pharmacologic_substance,,,,,ammonium,721.0,729.0
common_28239424.txt,CURATION_USER,Medical,C0003075,organical_chemical,,,,,anionic,741.0,748.0
common_28239424.txt,CURATION_USER,Medical,C0022023,organical_chemical,,,,,ions,757.0,761.0
common_28239424.txt,CURATION_USER,Medical,C4520800,physiologic_function,,,,,hydration,800.0,809.0
common_28239424.txt,CURATION_USER,Medical,C0020276,physiologic_function,,,,,hydrogen,838.0,846.0
common_28239424.txt,CURATION_USER,Medical,C0020276,physiologic_function,,,,,bonding,847.0,854.0
common_28239424.txt,CURATION_USER,Medical,C0872376,physiologic_function,,,,,self-assembly,896.0,909.0
common_28239424.txt,CURATION_USER,Medical,C0872376,physiologic_function,,,,,process,910.0,917.0
common_28239424.txt,CURATION_USER,Medical,C0872376,physiologic_function,,,,,self-assembly,1031.0,1044.0
common_28239424.txt,CURATION_USER,Medical,C0596383,organical_chemical,,,,,copolymers,1052.0,1062.0
common_28239424.txt,CURATION_USER,Medical,C0872376,physiologic_function,,,,,self-assembly,1246.0,1259.0
common_28239424.txt,CURATION_USER,Medical,C0872376,physiologic_function,,,,,processes,1260.0,1269.0
common_28239424.txt,CURATION_USER,Medical,C0542478,physiologic_function,,,,,stimuli,1225.0,1232.0
common_28239424.txt,CURATION_USER,Medical,C0542478,physiologic_function,,,,,-,1233.0,1234.0
common_28239424.txt,CURATION_USER,Medical,C0542478,physiologic_function,,,,,responsive,1235.0,1245.0
common_28239424.txt,CURATION_USER,Medical,C0162847,physiologic_function,,,,,protein,221.0,228.0
common_28239424.txt,CURATION_USER,Medical,C0162847,physiologic_function,,,,,folding,229.0,236.0
common_28239424.txt,CURATION_USER,Medical,C1511539,physiologic_function,,,,,Non-covalent,0.0,12.0
common_28239424.txt,CURATION_USER,Medical,C1511539,physiologic_function,,,,,interactions,13.0,25.0
common_28239424.txt,CURATION_USER,Abbreviation,,abbreviation,,,,,UPS,543.0,546.0
common_28239424.txt,CURATION_USER,Abbreviation,,abbreviation,,,,,UPS,1048.0,1051.0
common_28239424.txt,CURATION_USER,Abbreviation,,reference_object,,,,,ultra-pH,523.0,531.0
common_28239424.txt,CURATION_USER,Abbreviation,,reference_object,,,,,sensitive,532.0,541.0
common_28253085.txt,CURATION_USER,Medical,C2886026,injury_or_poisoning,,,,,Tobacco,60.0,67.0
common_28253085.txt,CURATION_USER,Medical,C2886026,injury_or_poisoning,,,,,Smoke,68.0,73.0
common_28253085.txt,CURATION_USER,Medical,C2886026,injury_or_poisoning,,,,,Effects,74.0,81.0
common_28253085.txt,CURATION_USER,Medical,C0006644,organical_chemical,,,,,Caffeine,129.0,137.0
common_28253085.txt,CURATION_USER,Medical,C0042036,organical_chemical,,,,,Urine,138.0,143.0
common_28253085.txt,CURATION_USER,Medical,C1332826,anatomy,,,,,CYP1A2,85.0,91.0
common_28253085.txt,CURATION_USER,Medical,C1413868,anatomy,,,,,CYP2A6,96.0,102.0
common_28253085.txt,CURATION_USER,Medical,C0012634,pathology,,,,,diseases,250.0,258.0
common_28253085.txt,CURATION_USER,Medical,C0040329,organical_chemical,,,,,tobacco,370.0,377.0
common_28253085.txt,CURATION_USER,Medical,C0010762,organical_chemical,,,,,cytochrome,549.0,559.0
common_28253085.txt,CURATION_USER,Medical,C0010762,organical_chemical,,,,,P450,560.0,564.0
common_28253085.txt,CURATION_USER,Medical,C0678798,pathology,,,,,drug,589.0,593.0
common_28253085.txt,CURATION_USER,Medical,C0678798,pathology,,,,,interaction,594.0,605.0
common_28253085.txt,CURATION_USER,Medical,C0683140,physiologic_function,,,,,drug,710.0,714.0
common_28253085.txt,CURATION_USER,Medical,C0683140,physiologic_function,,,,,metabolism,715.0,725.0
common_28253085.txt,CURATION_USER,Medical,C0439994,organical_chemical,,,,,tobacco,802.0,809.0
common_28253085.txt,CURATION_USER,Medical,C0439994,organical_chemical,,,,,smoke,810.0,815.0
common_28253085.txt,CURATION_USER,Medical,C0243102,physiologic_function,,,,,enzyme,896.0,902.0
common_28253085.txt,CURATION_USER,Medical,C0243102,physiologic_function,,,,,activities,903.0,913.0
common_28253085.txt,CURATION_USER,Medical,C0006644,organical_chemical,,,,,caffeine,928.0,936.0
common_28253085.txt,CURATION_USER,Medical,C0042036,organical_chemical,,,,,urine,937.0,942.0
common_28253085.txt,CURATION_USER,Medical,C3884187,organical_chemical,,,,,CYP2A6,889.0,895.0
common_28253085.txt,CURATION_USER,Medical,C0439994,organical_chemical,,,,,tobacco,1140.0,1147.0
common_28253085.txt,CURATION_USER,Medical,C0439994,organical_chemical,,,,,smoke,1148.0,1153.0
common_28253085.txt,CURATION_USER,Medical,C1620185,organical_chemical,,,,,CYP1A2,1312.0,1318.0
common_28253085.txt,CURATION_USER,Medical,C3884187,organical_chemical,,,,,CYP2A6,1323.0,1329.0
common_28253085.txt,CURATION_USER,Medical,C1620185,organical_chemical,,,,,CYP1A2,878.0,884.0
common_28253085.txt,CURATION_USER,Medical,C3884187,organical_chemical,,,,,CYP2A6,1503.0,1509.0
common_28253085.txt,CURATION_USER,Medical,C1620185,organical_chemical,,,,,CYP1A2,1492.0,1498.0
common_28253085.txt,CURATION_USER,Medical,C0683140,physiologic_function,,,,,drug,1812.0,1816.0
common_28253085.txt,CURATION_USER,Medical,C0683140,physiologic_function,,,,,metabolism,1817.0,1827.0
common_28253085.txt,CURATION_USER,Medical,C0040329,organical_chemical,,,,,tobacco,1887.0,1894.0
common_28253085.txt,CURATION_USER,Medical,C0683140,physiologic_function,,,,,drug,1947.0,1951.0
common_28253085.txt,CURATION_USER,Medical,C0683140,physiologic_function,,,,,metabolism,1952.0,1962.0
common_28253085.txt,CURATION_USER,Medical,C2886026,injury_or_poisoning,,,,,tobacco,2119.0,2126.0
common_28253085.txt,CURATION_USER,Medical,C2886026,injury_or_poisoning,,,,,smoke,2127.0,2132.0
common_28253085.txt,CURATION_USER,Medical,C2886026,injury_or_poisoning,,,,,effects,2133.0,2140.0
common_28253085.txt,CURATION_USER,Medical,C0010762,organical_chemical,,,,,CYP450,2144.0,2150.0
common_28253085.txt,CURATION_USER,Abbreviation,,abbreviation,,,,,CYP1A2,85.0,91.0
common_28253085.txt,CURATION_USER,Abbreviation,,abbreviation,,,,,CYP2A6,96.0,102.0
common_28253085.txt,CURATION_USER,Abbreviation,,abbreviation,,,,,CYP450,566.0,572.0
common_28253085.txt,CURATION_USER,Abbreviation,,reference_object,,,,,cytochrome,549.0,559.0
common_28253085.txt,CURATION_USER,Abbreviation,,reference_object,,,,,P450,560.0,564.0
common_28253085.txt,CURATION_USER,Abbreviation,,abbreviation,,,,,CYP1A2,878.0,884.0
common_28253085.txt,CURATION_USER,Abbreviation,,abbreviation,,,,,CYP2A6,889.0,895.0
common_28253085.txt,CURATION_USER,Abbreviation,,abbreviation,,,,,CYP1A2,1312.0,1318.0
common_28253085.txt,CURATION_USER,Abbreviation,,abbreviation,,,,,CYP2A6,1323.0,1329.0
common_28253085.txt,CURATION_USER,Abbreviation,,abbreviation,,,,,CYP1A2,1492.0,1498.0
common_28253085.txt,CURATION_USER,Abbreviation,,abbreviation,,,,,CYP2A6,1503.0,1509.0
common_28253085.txt,CURATION_USER,Abbreviation,,abbreviation,,,,,CYP450,2144.0,2150.0
common_28472931.txt,CURATION_USER,Medical,C0085281,pathology,,,,,addictive,55.0,64.0
common_28472931.txt,CURATION_USER,Medical,C0085281,pathology,,,,,behaviors,65.0,74.0
common_28472931.txt,CURATION_USER,Medical,C0085281,pathology,,,,,addictive,225.0,234.0
common_28472931.txt,CURATION_USER,Medical,C0085281,pathology,,,,,behaviors,235.0,244.0
common_28472931.txt,CURATION_USER,Medical,C4324263,pathology,,,,,substance-related,314.0,331.0
common_28472931.txt,CURATION_USER,Medical,C4324263,pathology,,,,,addictions,332.0,342.0
common_28472931.txt,CURATION_USER,Medical,C5886745,pathology,,,,,behavioral,718.0,728.0
common_28472931.txt,CURATION_USER,Medical,C0848950,pathology,,,,,substance-related,732.0,749.0
common_28472931.txt,CURATION_USER,Medical,C0848950,pathology,,,,,addiction,750.0,759.0
common_28472931.txt,CURATION_USER,Medical,C0848950,pathology,,,,,problems,760.0,768.0
common_28472931.txt,CURATION_USER,Medical,C0085281,pathology,,,,,addictive,839.0,848.0
common_28472931.txt,CURATION_USER,Medical,C0085281,pathology,,,,,behaviors,849.0,858.0
common_28472931.txt,CURATION_USER,Medical,C0085281,pathology,,,,,addictive,1081.0,1090.0
common_28472931.txt,CURATION_USER,Medical,C0085281,pathology,,,,,behaviors,1091.0,1100.0
common_28472931.txt,CURATION_USER,Medical,C0085281,pathology,,,,,addictive,1410.0,1419.0
common_28472931.txt,CURATION_USER,Medical,C0085281,pathology,,,,,behaviors,1420.0,1429.0
common_28472931.txt,CURATION_USER,Medical,C0085281,pathology,,,,,addictive,1637.0,1646.0
common_28472931.txt,CURATION_USER,Medical,C0085281,pathology,,,,,behaviors,1647.0,1656.0
common_28472931.txt,CURATION_USER,Medical,C0085762,pathology,,,,,alcohol,1885.0,1892.0
common_28472931.txt,CURATION_USER,Medical,C0085762,pathology,,,,,abuse,1893.0,1898.0
common_28472931.txt,CURATION_USER,Medical,C4285828,pathology,,,,,behavioral,1936.0,1946.0
common_28472931.txt,CURATION_USER,Medical,C4285828,pathology,,,,,addictions,1947.0,1957.0
common_28472931.txt,CURATION_USER,Medical,C0085281,pathology,,,,,addictive,2071.0,2080.0
common_28472931.txt,CURATION_USER,Medical,C0085281,pathology,,,,,behaviors,2081.0,2090.0
common_28472931.txt,CURATION_USER,Medical,C0085281,pathology,,,,,addictive,2229.0,2238.0
common_28472931.txt,CURATION_USER,Medical,C0085281,pathology,,,,,behavior,2239.0,2247.0
common_28472931.txt,CURATION_USER,Medical,C0085281,pathology,,,,,addictive,2343.0,2352.0
common_28472931.txt,CURATION_USER,Medical,C0085281,pathology,,,,,behaviors,2353.0,2362.0
common_28472931.txt,CURATION_USER,Medical,C3203533,injury_or_poisoning,,,,,trauma,35.0,41.0
common_28472931.txt,CURATION_USER,Medical,C3203533,injury_or_poisoning,,,,,trauma,1050.0,1056.0
common_28472931.txt,CURATION_USER,Medical,C3203533,injury_or_poisoning,,,,,trauma,1384.0,1390.0
common_28472931.txt,CURATION_USER,Medical,C3203533,injury_or_poisoning,,,,,interpersonal,2035.0,2048.0
common_28472931.txt,CURATION_USER,Medical,C3203533,injury_or_poisoning,,,,,trauma,2049.0,2055.0
common_28490813.txt,CURATION_USER,Medical,C0007613,physiologic_function,,,,,cell,35.0,39.0
common_28490813.txt,CURATION_USER,Medical,C0007613,physiologic_function,,,,,function,40.0,48.0
common_28490813.txt,CURATION_USER,Medical,C2350467,anatomy,,,,,iNKT,30.0,34.0
common_28490813.txt,CURATION_USER,Medical,C0385463,organical_chemical,,,,,Leptin,0.0,6.0
common_28490813.txt,CURATION_USER,Medical,C0385463,organical_chemical,,,,,receptor,7.0,15.0
common_28490813.txt,CURATION_USER,Medical,C0026764,pathology,,,,,multiple,77.0,85.0
common_28490813.txt,CURATION_USER,Medical,C0026764,pathology,,,,,myeloma,86.0,93.0
common_28490813.txt,CURATION_USER,Medical,C0005953,anatomy,,,,,bone,109.0,113.0
common_28490813.txt,CURATION_USER,Medical,C0005953,anatomy,,,,,marrow,114.0,120.0
common_28490813.txt,CURATION_USER,Medical,C0001811,physiologic_function,,,,,aging,134.0,139.0
common_28490813.txt,CURATION_USER,Medical,C0206131,anatomy,,,,,adipocyte,159.0,168.0
common_28490813.txt,CURATION_USER,Medical,C0026764,pathology,,,,,multiple,218.0,226.0
common_28490813.txt,CURATION_USER,Medical,C0026764,pathology,,,,,myeloma,227.0,234.0
common_28490813.txt,CURATION_USER,Medical,C1955907,organical_chemical,,,,,adipokine,284.0,293.0
common_28490813.txt,CURATION_USER,Medical,C0299583,organical_chemical,,,,,leptin,294.0,300.0
common_28490813.txt,CURATION_USER,Medical,C1519680,pathology,,,,,tumor,338.0,343.0
common_28490813.txt,CURATION_USER,Medical,C1519680,pathology,,,,,immunity,344.0,352.0
common_28490813.txt,CURATION_USER,Medical,C0026764,pathology,,,,,myeloma,330.0,337.0
common_28490813.txt,CURATION_USER,Medical,C0007613,physiologic_function,,,,,cell,405.0,409.0
common_28490813.txt,CURATION_USER,Medical,C0007613,physiologic_function,,,,,function,410.0,418.0
common_28490813.txt,CURATION_USER,Medical,C2350467,anatomy,,,,,invariant,371.0,380.0
common_28490813.txt,CURATION_USER,Medical,C2350467,anatomy,,,,,natural,381.0,388.0
common_28490813.txt,CURATION_USER,Medical,C2350467,anatomy,,,,,killer,389.0,395.0
common_28490813.txt,CURATION_USER,Medical,C2350467,anatomy,,,,,T,396.0,397.0
common_28490813.txt,CURATION_USER,Medical,C0385463,organical_chemical,,,,,leptin,465.0,471.0
common_28490813.txt,CURATION_USER,Medical,C0385463,organical_chemical,,,,,receptor,472.0,480.0
common_28490813.txt,CURATION_USER,Medical,C0299583,organical_chemical,,,,,leptin,447.0,453.0
common_28490813.txt,CURATION_USER,Medical,C0597360,physiologic_function,,,,,expression,486.0,496.0
common_28490813.txt,CURATION_USER,Medical,C0299583,organical_chemical,,,,,leptin,582.0,588.0
common_28490813.txt,CURATION_USER,Medical,C0591833,organical_chemical,,,,,murine,539.0,545.0
common_28490813.txt,CURATION_USER,Medical,C0591833,organical_chemical,,,,,murine,651.0,657.0
common_28490813.txt,CURATION_USER,Medical,C0021747,organical_chemical,,,,,IFN-γ,819.0,824.0
common_28490813.txt,CURATION_USER,Medical,C5450360,physiologic_function,,,,,secretion,825.0,834.0
common_28490813.txt,CURATION_USER,Medical,C1819882,physiologic_function,,,,,cell,1012.0,1016.0
common_28490813.txt,CURATION_USER,Medical,C1819882,physiologic_function,,,,,anergy,1017.0,1023.0
common_28490813.txt,CURATION_USER,Medical,C0023418,pathology,,,,,Leukemia,1128.0,1136.0
common_28490813.txt,CURATION_USER,Medical,C2350467,anatomy,,,,,iNKT,668.0,672.0
common_28490813.txt,CURATION_USER,Medical,C2350467,anatomy,,,,,cells.,673.0,679.0
common_28490813.txt,CURATION_USER,Abbreviation,,abbreviation,,,,,iNKT,30.0,34.0
common_28490813.txt,CURATION_USER,Abbreviation,,abbreviation,,,,,MM,236.0,238.0
common_28490813.txt,CURATION_USER,Abbreviation,,reference_object,,,,,multiple,218.0,226.0
common_28490813.txt,CURATION_USER,Abbreviation,,reference_object,,,,,myeloma,227.0,234.0
common_28490813.txt,CURATION_USER,Abbreviation,,abbreviation,,,,,iNKT,399.0,403.0
common_28490813.txt,CURATION_USER,Abbreviation,,reference_object,,,,,invariant,371.0,380.0
common_28490813.txt,CURATION_USER,Abbreviation,,reference_object,,,,,natural,381.0,388.0
common_28490813.txt,CURATION_USER,Abbreviation,,reference_object,,,,,killer,389.0,395.0
common_28490813.txt,CURATION_USER,Abbreviation,,reference_object,,,,,T,396.0,397.0
common_28490813.txt,CURATION_USER,Abbreviation,,abbreviation,,,,,LR,482.0,484.0
common_28490813.txt,CURATION_USER,Abbreviation,,abbreviation,,,,,iNKT,500.0,504.0
common_28490813.txt,CURATION_USER,Abbreviation,,abbreviation,,,,,MM,514.0,516.0
common_28490813.txt,CURATION_USER,Abbreviation,,abbreviation,,,,,MM,546.0,548.0
common_28490813.txt,CURATION_USER,Abbreviation,,reference_object,,,,,leptin,465.0,471.0
common_28490813.txt,CURATION_USER,Abbreviation,,reference_object,,,,,receptor,472.0,480.0
common_28490813.txt,CURATION_USER,Abbreviation,,abbreviation,,,,,MM,569.0,571.0
common_28490813.txt,CURATION_USER,Abbreviation,,abbreviation,,,,,LR,700.0,702.0
common_28490813.txt,CURATION_USER,Abbreviation,,abbreviation,,,,,iNKT,728.0,732.0
common_28490813.txt,CURATION_USER,Abbreviation,,abbreviation,,,,,iNKT,849.0,853.0
common_28490813.txt,CURATION_USER,Abbreviation,,abbreviation,,,,,iNKT,1007.0,1011.0
common_28490813.txt,CURATION_USER,Abbreviation,,abbreviation,,,,,LR,1053.0,1055.0
common_28490813.txt,CURATION_USER,Abbreviation,,abbreviation,,,,,MM,1124.0,1126.0
